pc4_code,Price_per_m2
1011,8477.935677031244
1012,7973.175456962979
1013,9418.45064267716
1014,11434.332710287144
1015,10786.034230223142
1016,9395.196477671898
1017,10517.14614470783
1018,8788.202167620608
1019,7472.981498950826
1021,7106.861921742705
1022,13163.12060118611
1023,7423.869415025584
1024,6121.287953972374
1025,5205.8773559984365
1026,9556.26102292769
1027,6819.113230877937
1028,5114.685214175876
1031,9943.317308011674
1032,12080.319052654126
1033,6653.200749698344
1034,5800.34238015901
1035,5787.3613875564315
1036,6380.738374684297
1043,14103.666932456796
1051,8933.076011173147
1052,8374.370094797616
1053,9463.126483239652
1054,10381.20139581555
1055,7851.495650046857
1056,8005.26671911903
1057,8780.087717318314
1058,8171.420356783181
1059,8887.496668986181
1060,5577.259513099392
1061,7205.366085529561
1062,9481.592666649905
1063,4970.256557847835
1064,7842.10553952163
1065,6008.715015792539
1066,6363.118065534326
1067,5944.876029800304
1068,5301.7335284072915
1069,5402.916294876534
1071,10923.327134567337
1072,9518.455457630727
1073,9156.69183279765
1074,9098.483897638043
1075,11151.164361892943
1076,8880.84493008885
1077,9749.41590411437
1078,7984.180623696626
1079,8158.333681550649
1081,7574.547575085302
1082,7750.018437500851
1083,8444.328009642197
1086,6662.5136413237815
1087,6312.815834010172
1091,8842.028597396356
1092,8090.184865701539
1093,8213.937326830228
1094,8412.889433143126
1095,10996.19439661411
1096,16390.19119214798
1097,7627.576119488995
1098,7600.219423037455
1101,13142.705333943994
1102,6284.950623216193
1103,4310.631949012383
1104,4985.230929144727
1106,4913.77511207073
1107,4806.964127242113
1108,4904.224776698431
1109,2973.8661564551894
1111,5619.261132969495
1112,11232.878527872264
1114,11056.311329170385
1115,6050.037403324106
1121,6347.891933952277
1127,6935.842807360322
1131,3873.5558639342316
1132,4299.159229266769
1135,4662.317574158714
1141,5206.547190697026
1151,6228.442551940459
1154,8928.57142857143
1156,8472.16471794927
1161,5073.111306212073
1165,4611.225561718983
1171,5741.748296528356
1175,6302.5210084033615
1181,6900.097879926715
1182,7994.985528467039
1183,6196.813999758206
1184,10694.688638985841
1185,6076.061647640381
1186,5762.418147575451
1187,6193.3731812899805
1188,5489.120692057704
1189,6061.008921248035
1191,5832.28364798662
1211,5774.106590377502
1212,6488.893243694302
1213,5732.085923938659
1214,5807.099030045225
1215,4683.422793056804
1216,4852.837969237092
1217,6641.867056995697
1218,4268.913034141292
1221,4748.454497962899
1222,4993.134016634303
1223,7458.155500067239
1231,6067.467566751417
1241,6078.6924765617205
1243,5816.210718263365
1244,9627.280447701309
1251,6970.002468561169
1252,6502.890173410405
1261,7055.018109249417
1262,6871.353024999118
1271,5547.052660567792
1272,7476.70292267593
1273,4050.7693290927787
1274,4753.409812682104
1275,3925.531914893617
1276,4414.188105577448
1277,5076.736221726665
1311,3914.684421022045
1312,7430.093055983047
1313,3967.819176135206
1314,4214.710946893342
1315,4868.531950174572
1316,4122.548117019107
1317,3846.3039160831104
1318,4050.4967279992584
1319,4339.596775966798
1321,3873.270803284716
1323,4241.673497270203
1324,3800.77892659224
1325,3887.7657173712787
1326,4077.598870106307
1328,3929.850513442766
1331,4186.602870813397
1333,4247.73253372776
1334,6066.2580428081965
1335,4156.305487883204
1336,4222.13393252845
1338,3803.4038494852402
1339,3775.6586645585026
1341,3843.564976809418
1343,5572.935477704724
1349,5939.216199362527
1351,3779.449284497573
1352,4583.333333333333
1353,3656.917823309099
1354,6376.410356528148
1355,3319.2721257237386
1356,3989.986594392959
1357,4023.808535571767
1358,3567.3617566141334
1359,5151.449947699796
1361,5319.417954648156
1362,3935.1364734795493
1363,5136.564908162154
1381,6709.223711692717
1382,4866.271865273242
1383,4736.006245932959
1384,6506.904209757659
1391,6497.8671869252075
1393,9167.167197987008
1394,5666.49726014147
1396,5047.1854044903575
1398,6286.710253212517
1399,7386.898095627672
1401,5644.674327927461
1402,5846.63249182962
1403,5345.6646194372925
1404,5438.093909620413
1405,6617.134428351228
1406,5769.073333170693
1411,6936.3571745638865
1412,5634.514601383629
1421,17378.369312734703
1422,4898.166469850847
1423,5091.800431121549
1424,5606.340168617342
1426,4175.2518315018315
1427,4259.611724400456
1431,6077.303714120481
1432,6928.348854926784
1433,6155.566493421568
1435,6797.964103519583
1436,5978.260869565217
1441,4555.200387641845
1442,4190.255601855913
1443,4147.709682403001
1444,4640.9311677070655
1445,4981.714812776659
1446,3877.9849886159222
1447,5166.990333619482
1448,4906.2423063155275
1451,5459.343653010553
1452,5215.584686386168
1454,12695.742998132628
1456,5089.006354225809
1458,5925.665889501201
1461,5638.008861821178
1462,4259.609855202308
1463,3402.227249179186
1464,4617.974818887824
1471,5872.80701754386
1472,4850.372231858443
1473,5182.041545677909
1474,3927.676598976185
1475,5136.66204886908
1482,4107.142857142857
1483,5072.242325112588
1485,3162.5441696113076
1486,5473.484848484848
1487,4866.547645258768
1488,7500.0
1489,5497.38219895288
1501,4941.537731137667
1502,5288.758958658326
1503,4159.793277655918
1504,4545.446564622435
1505,5246.645248290933
1506,5996.185499070545
1507,4612.904459659825
1508,4581.510595153085
1509,3939.0587381240352
1511,5383.313679692996
1521,4837.398512251787
1525,6500.0
1531,4191.865196731734
1534,10257.648247978437
1536,4020.1342281879197
1541,4985.576213249726
1544,4466.505209447048
1546,4627.173913043478
1551,4514.186645262666
1561,5002.643785558934
1562,4553.996149584842
1566,4793.654489894222
1567,4245.667682180729
1601,4811.8783059902935
1602,3853.1046494103553
1606,3472.4984138081677
1607,3825.017021690497
1608,4634.639739010669
1611,3616.776635960891
1613,3499.7757962876512
1614,2974.9728274105864
1616,3811.8272583275166
1617,3351.9104959991655
1619,3866.788145664834
1621,7666.733798268542
1622,4019.666997561487
1623,5288.555041900981
1624,5319.2831480610585
1625,4176.899377098944
1628,3634.043420133223
1631,5203.488372093023
1633,4011.3057300444307
1634,3917.6136363636365
1636,4018.680649776873
1641,4295.985234600143
1645,3734.574098975018
1647,3844.7055899951324
1648,4044.5496851632624
1652,4437.102809289066
1654,3814.071856287425
1655,5368.695175438597
1657,3548.5722235812113
1661,8241.410084783578
1671,4417.223308272334
1674,3423.9203115282944
1678,4291.379801834965
1679,4245.771027134389
1681,5759.615384615385
1684,4197.953561589925
1685,3955.6737588652486
1687,3673.2103009550174
1688,4688.123548929265
1689,3839.530568525872
1693,4102.711769191393
1695,4518.0599986674415
1696,1747.2118959107806
1701,3820.7236721017953
1702,4154.775778697739
1703,7355.470504330602
1704,7797.63903278988
1705,3972.9132695192047
1706,4397.997334525779
1711,4393.909490365208
1713,4386.642751396776
1715,3494.641851684066
1716,2863.419588680926
1718,2934.380484504136
1721,6527.00793888274
1722,4858.495038877227
1723,4211.688020159523
1724,4034.138836490914
1731,4260.086642141516
1732,4870.502304712831
1733,4253.620905133952
1734,4956.715210355987
1735,10639.120407517363
1738,12068.483135408498
1741,3737.0945827374376
1742,4359.583654622079
1744,5625.299814514754
1746,3206.133119622656
1747,3662.7223956578073
1749,4692.27411034
1751,3978.5237698081737
1752,5435.112945659077
1753,2675.324133657467
1754,6976.845784185233
1755,3297.8031082357525
1756,3987.192574374778
1757,3488.823529411765
1759,2879.272117672507
1761,3547.092619891196
1764,4841.664731147118
1766,2896.666422549952
1767,27786.646110056925
1768,4059.7395715042776
1769,5668.604651162791
1771,3368.6969729654566
1773,2711.018089492281
1774,2340.2482396041487
1775,3524.928584801387
1777,3302.3785858146985
1778,3748.751832489697
1779,3743.1931604303445
1781,3381.085835151481
1782,3046.071509574505
1783,3047.2766580293464
1784,2967.4876418126496
1785,2849.8762749050406
1787,4359.821149827106
1788,2913.3397783638143
1789,3977.2727272727275
1791,6402.725008762333
1792,4034.573599240266
1793,6250.0
1794,4321.889831379033
1795,4481.034854296389
1796,9678.01483231396
1797,4878.845630100699
1811,5767.657881391039
1813,6434.189441304959
1814,5672.551851027042
1815,5515.330438462408
1816,4294.550464199077
1817,4956.952541975087
1821,4521.043226812444
1822,4603.682260033062
1823,4999.1475229287
1824,4136.002249087277
1825,4087.7422698799123
1826,3397.2728509858107
1827,3899.858622149976
1829,5631.755461972408
1831,3828.5593109748143
1834,4181.474902565779
1841,4495.66932270198
1842,4731.040564373898
1843,4345.2991452991455
1847,6605.024886159059
1851,5029.348514119972
1852,5210.4528539954035
1853,6420.857738229331
1861,7442.6678496597615
1862,6554.010039024095
1865,10372.429313590772
1871,6300.281175086727
1873,4876.649265482264
1901,5445.822187492003
1902,4736.650322944545
1906,4733.589486823793
1911,4582.715512265814
1921,4425.5318314405495
1931,5600.539639100097
1934,5645.464169711702
1935,5619.626668000555
1941,5557.236139970035
1942,6057.027802554118
1943,4233.857191475196
1944,4005.3587604337195
1945,4536.27727725143
1946,3540.627362055933
1947,4562.935828320709
1948,4252.361669392587
1949,4258.459628807294
1951,3809.680024267697
1961,5955.647345612135
1962,4616.031565547339
1963,4961.5047104391015
1964,4597.477792707831
1965,4049.5107693179066
1966,4236.420711919239
1967,4547.008139858239
1968,9146.341463414634
1969,4699.54968063417
1971,4714.387703810978
1972,3739.126524455746
1973,3814.0437682336287
1974,4163.03039632781
1975,4685.100095830053
1976,3376.3930265916365
1981,7186.731060646201
1985,7940.1152565629245
1991,5660.551877596639
1992,4188.351377969338
2011,7622.423370095696
2012,6710.614584330104
2013,6382.662310483203
2014,6338.0823066143685
2015,6037.140162351575
2019,5573.899371069183
2021,5467.532474965903
2022,7355.3118195793495
2023,6074.6068766367825
2024,6205.754572686326
2025,5373.478467864955
2026,5328.271395970975
2031,7202.242548969121
2032,5667.277350867615
2033,8883.319423012
2034,4553.067948903036
2035,4994.77609458692
2036,4347.612132329673
2037,7185.452708383714
2041,7856.057194191904
2042,6606.795209576128
2051,5973.978362193464
2061,6558.380549259854
2063,4894.366197183099
2064,5485.284044142162
2065,5062.5
2071,5692.438992597767
2082,7074.735052408042
2101,6275.082282305827
2102,6299.1805214296555
2103,5945.861081223854
2104,5767.506567365948
2105,4956.35254967588
2106,6822.352632585045
2111,7632.66614776903
2114,5662.281692769822
2116,6969.447603760517
2121,5895.969322264028
2131,5003.735995520654
2132,8649.866717073415
2133,4553.188394629857
2134,6456.089106763332
2135,5087.013170614103
2136,7664.652823875665
2141,5710.383320236754
2142,4627.415691142129
2144,4590.114993365767
2151,5310.910530133232
2152,7329.040740169587
2153,6143.83293673002
2156,2723.6363636363635
2157,7422.077922077922
2158,9405.797101449276
2159,4868.56304097734
2161,4838.037338772341
2162,4511.53268465419
2163,4660.790335790336
2165,7130.107768298159
2171,5205.648280522598
2172,5195.920990553043
2181,5172.373397140281
2182,4801.990854272513
2191,5003.661622545074
2201,5529.361068972244
2202,7661.987491533431
2203,6087.917232685113
2204,6630.176536317845
2211,5345.869301070951
2212,3237.4460918161635
2215,5194.710758314422
2216,5339.49383949384
2221,4637.262108293349
2223,7908.353820088579
2224,4950.001085632478
2225,5473.339890301104
2231,5112.901320204825
2235,5328.817462856991
2241,4939.408586162088
2242,5857.652920057349
2243,6591.276073510877
2244,6033.905600338027
2245,6842.1343492759515
2251,5716.306739350351
2252,4828.026063888678
2253,5238.1716456543845
2254,5575.418994413408
2261,4498.766911866049
2262,3762.265472709552
2263,4180.008638021224
2264,4843.953537520702
2265,4915.230577632824
2266,5768.3211490530775
2271,4915.786231401668
2272,4858.828099817447
2273,5303.037723551599
2274,4894.241014454758
2275,5276.339027225129
2281,4166.149736904854
2282,4642.783957925222
2283,9566.344755292395
2284,4724.5909238496315
2285,4854.87863300423
2286,3770.070442371663
2287,3455.345627622915
2288,4613.386395460944
2289,4126.858167465222
2291,4750.561756119857
2292,4759.22350922351
2295,5731.140978771035
2311,5817.933701855376
2312,6483.278146798408
2313,5555.194651344299
2314,4592.778513400425
2315,5856.022427315892
2316,5441.704612550929
2317,5018.840939166701
2318,4312.497978555635
2321,4840.856751969609
2322,5060.975609756098
2324,4817.029559206716
2331,4385.971109876499
2332,5801.48372775036
2333,8352.94852573713
2334,4385.382996623962
2341,4989.092720345958
2342,5553.172116617713
2343,5024.320144648187
2351,4969.656599388254
2352,4522.328936159586
2353,4713.836493138473
2355,5155.212405429906
2361,5164.587467253169
2362,4650.259067357513
2371,4738.640107767037
2374,4687.5
2375,8108.108108108108
2376,3867.0912420912423
2377,4889.953601798349
2381,5152.025182868205
2382,5171.33183842928
2391,5084.694758033177
2394,4547.713674001082
2396,3740.6986072300474
2401,4007.9996263184025
2402,3821.6411176626093
2403,3799.5990536818663
2404,5851.993006584561
2405,4149.367199922997
2406,4402.826834195132
2407,3713.6659073356245
2408,4519.293797197591
2411,4359.443782281856
2412,4654.423078584257
2415,4558.805401499024
2421,4963.8045445905855
2431,5359.946429417729
2435,4189.944134078212
2441,6825.0999412410265
2445,3503.184713375796
2451,8852.262364246206
2461,4635.381151189947
2465,5092.8955433068095
2471,3496.1563100576554
2481,3842.450520095721
2491,4344.262295081967
2492,4316.947804518687
2493,4900.13563625568
2496,4950.028160635674
2497,4024.4989062278783
2498,5444.3988519619215
2511,5857.429053111113
2512,4995.686048819497
2513,6385.68430567429
2514,5802.525543126016
2515,4841.1241864677895
2516,5532.660304599019
2517,5314.9519195960365
2518,5535.037630468504
2521,4573.1686109967595
2522,3677.8111129856543
2523,3962.9841798023062
2524,3846.778842946421
2525,3854.0470099359504
2526,4915.521404651163
2531,4051.333361876588
2532,4223.721011477095
2533,5945.80652991868
2541,3732.862517173207
2542,3829.100752112667
2543,3928.127323691663
2544,3661.1595517688183
2545,4131.344128281779
2546,4011.3768268798785
2547,4449.024324372051
2548,4544.350622733102
2551,3682.7269355268395
2552,4283.485479772774
2553,4891.153855898975
2554,8068.5327003515185
2555,4667.564823136193
2561,6394.272960408812
2562,5787.05810788186
2563,4413.78808304757
2564,4161.750852856187
2565,4675.311629806202
2566,6333.512161656476
2571,3830.700176695798
2572,3936.8951904352266
2573,4131.23788939366
2574,4030.0279856864286
2581,5027.248076628252
2582,5240.623064920607
2583,5690.769268888295
2584,5343.087180227571
2585,5748.717976057854
2586,5256.536944033036
2587,5270.034596292318
2591,5669.791700964386
2592,4136.186635378837
2593,5519.315707825407
2594,4959.5156172114375
2595,4566.5689332565935
2596,6253.457742021479
2597,5614.585330330426
2611,5397.750111676372
2612,5097.925649287797
2613,5225.330263581466
2614,4821.14044347393
2622,4399.669560040287
2623,4236.994856751575
2624,3962.2641889075353
2625,3623.4721130742596
2626,5412.371134020618
2627,4780.821917808219
2628,4568.289319656294
2631,4828.64139511457
2632,4278.592488221073
2635,5342.766469037065
2636,7739.816260900001
2641,5134.620146586728
2642,4611.239101865467
2643,4905.438597648764
2645,5374.77426553453
2651,4654.623737206593
2652,5288.051004161732
2661,4858.298593062094
2662,4758.909935630448
2665,4599.829918130614
2671,4441.811151297074
2672,4861.421338333707
2673,4921.0188111740945
2675,4887.561412048209
2676,5644.168651186827
2678,4545.831136542401
2681,5753.025346187094
2685,5145.677997146517
2691,6642.60828547964
2692,4906.956663408276
2693,3860.3880494505493
2694,3993.0555555555557
2711,5785.568186702134
2712,5577.106116873856
2713,4781.948870945763
2715,3541.5883311124444
2716,3479.318425439324
2717,3887.3090458422917
2718,4037.4592236967574
2719,4813.137582685292
2721,4699.552030163161
2722,4159.202095162024
2723,4103.862148833846
2724,3846.6393076986255
2725,4301.9157070754
2726,4240.871133385963
2727,3919.135864470504
2728,4278.886379016392
2729,4312.327909088096
2731,4298.758703339697
2735,4662.222222222223
2741,4569.79371693017
2742,4147.311957114289
2743,4293.568790820608
2751,4027.349316841504
2752,7150.537634408603
2761,4558.415344509667
2771,3812.79557138557
2801,4501.785618198853
2802,4142.333420286923
2803,4337.724186616525
2804,4034.5382346177767
2805,4477.918313637595
2806,4295.588873497658
2807,4026.616789491081
2808,3690.65934065934
2809,6226.510476621494
2811,4937.136419612597
2821,4453.5131717176855
2825,3781.0117376066023
2831,6077.029204430019
2841,4234.031494259779
2851,4308.700048018666
2855,4807.19180105145
2861,5808.983300755917
2865,4731.707829717771
2871,4051.920330011524
2872,4386.88091440723
2901,4517.16236354625
2902,4121.629305697709
2903,4731.997381115
2904,3782.402690211146
2905,4144.31994379805
2906,3589.4182518954185
2907,4278.043918224072
2908,4120.210034950934
2909,9351.085614906502
2911,4994.065044882598
2912,4143.586179024581
2913,6430.054579971524
2914,4246.958054037026
2921,4804.308060912312
2922,3974.097716301353
2923,3733.3177172009555
2924,3950.2036414303884
2925,3532.7972793490594
2926,4359.83965810366
2931,3694.0095523466152
2935,3839.6891301039163
2941,3972.3030796998814
2951,4002.6411881491276
2952,3590.909090909091
2953,3840.425182664546
2954,5512.820512820513
2957,4772.347399276314
2959,4248.953153883323
2961,3768.204861971454
2964,4585.8657466859295
2965,5258.462078651685
2967,4012.939958592133
2968,5178.06512586992
2969,2828.9473684210525
2971,4008.9763902218397
2973,5925.452808241941
2974,4024.1935483870966
2975,4038.6601465775752
2981,4106.007763984118
2982,3882.881908754707
2983,4330.87632628305
2984,4711.324231978016
2985,3930.7883418524298
2986,4191.421453837988
2987,4288.744961664842
2988,6151.731473854688
2989,3061.2903225806454
2991,4356.212647054727
2992,5714.419348593312
2993,4463.728284595355
2994,4454.1363665040535
2995,5043.552088997796
3011,5736.492010839853
3012,6306.821640339166
3013,5218.995311376263
3014,5386.098057015015
3015,5410.187053737106
3016,6572.592038082935
3021,4898.93905892895
3022,4584.679875648001
3023,4806.826903629629
3024,4707.911892960828
3025,4309.38729408281
3026,4664.592783943508
3027,3860.3488924020257
3028,3740.5352305687716
3029,5302.469135802469
3031,5132.719640726074
3032,4520.376483061072
3033,4966.756889275895
3034,5800.844603478097
3035,4769.238866702081
3036,6843.33559951636
3037,4895.288805035543
3038,4890.610967482822
3039,5093.978931438485
3041,4035.532994923858
3042,4511.485397385156
3043,4288.433259854579
3044,3966.198368088557
3045,5965.58431868535
3046,11500.0
3051,4947.821295279238
3052,4473.681827893526
3053,4635.127248878526
3054,6564.657572196557
3055,5838.941876407583
3056,6230.041126885037
3059,5305.835404208479
3061,5099.996688438132
3062,5650.786429010081
3063,4980.900257892754
3064,3496.138996138996
3065,5870.713842695003
3066,4432.412903907737
3067,4097.660157390728
3068,3709.7428707633676
3069,3854.71685936459
3071,4846.06264733302
3072,6355.195381642049
3073,3265.0358836635532
3074,3369.55918411527
3075,3706.7740258433478
3076,5899.283327814705
3077,3963.312600723673
3078,3527.389720908373
3079,3483.1099961020873
3081,4138.141785125892
3082,3564.9540787390083
3083,4158.727150777062
3084,4363.788989230119
3085,4117.2308189275045
3086,4156.654459749146
3087,4187.611806797853
3089,6131.410256410256
3111,4023.9359007894777
3112,3664.9135381626647
3114,3386.649879418008
3116,3455.5566861806924
3117,3621.613928443833
3118,4114.348210444365
3119,3650.3835326516178
3121,4137.496030164298
3122,3251.2589611605968
3123,3652.3651922672284
3124,4655.051079782179
3125,8531.746031746032
3131,3568.165059180003
3132,3755.7603545059196
3133,4983.748125524346
3134,3643.1453283046426
3135,4515.107195799701
3136,3696.417524479698
3137,3967.5617637135456
3141,5262.751835191382
3142,3652.2822251470216
3143,3488.5862581660585
3144,4190.42580459076
3145,4509.65014806325
3146,3809.017848444658
3147,8838.57039515485
3151,4714.383301096197
3155,5143.904956213098
3161,5140.263256544599
3162,5810.307250132777
3171,4467.261715397092
3176,4063.435875447622
3181,4116.175978339976
3191,4333.8679681270205
3192,3543.284075342148
3193,3433.349826065031
3194,3856.54656291362
3195,3545.0378504403875
3201,3827.3120520991997
3202,3574.330746857466
3203,4445.454545454545
3204,3692.6224455116685
3205,3197.9387259095965
3206,3370.0010921799912
3207,4104.229498609309
3208,3384.8423769208666
3209,4384.255222243625
3211,3681.9418952534625
3212,3180.0
3214,4401.707365789761
3216,4567.348231478666
3218,3123.9646187980816
3221,3766.9257876852803
3222,4587.064366687261
3223,4226.7528281604
3224,3386.2715359452736
3225,3219.7065149215073
3227,4053.3405211221166
3231,5065.006201339348
3232,4166.488585863101
3233,5643.862284117432
3234,3762.135922330097
3235,4682.208987454369
3238,3739.4442645629356
3241,4440.392818767501
3243,4647.944016546778
3244,3302.528004736824
3245,3522.215838961459
3247,3852.092543977635
3248,3249.368221856089
3249,3113.770857577728
3251,3815.8467650730313
3252,4512.4682792731
3253,5706.597277986894
3255,4311.679506865012
3256,4038.771861703363
3257,3335.0483447109436
3258,3573.978292635816
3261,5052.7204339684395
3262,4535.878058396362
3263,4679.401690478209
3264,4001.8308065284673
3265,4146.384375684634
3267,3775.862068965517
3271,4363.936393650052
3273,4766.774612137662
3274,3911.7116188075556
3281,4784.52002805649
3284,5061.266556133538
3286,3755.0128800899147
3291,4224.180541734008
3292,3284.056886227545
3293,4177.895981087471
3295,4028.1904491234436
3297,3890.086525313514
3299,4870.250588205903
3311,5227.526322958984
3312,4052.301654188067
3313,6357.046363744853
3314,3762.1256962695143
3315,3791.8179835542146
3316,5036.231884057971
3317,4246.664253099102
3318,4502.078372798869
3319,4503.74044654773
3328,3723.2803299475713
3329,5198.732426993297
3331,3736.218127899607
3332,4163.531553325568
3333,3461.240753104352
3334,3985.2459357866637
3335,3734.6970382327418
3341,4848.332337186885
3342,4368.028191017408
3343,3544.9092931878276
3344,4607.378841857246
3351,4071.7293002743586
3352,2912.1566499123714
3353,3730.4481034718006
3354,9985.117990118282
3355,3771.534240038177
3356,3963.202150216321
3361,4650.899721173633
3362,3831.6495820082127
3363,3952.538794155771
3364,3073.394495412844
3366,3320.3125
3371,4091.1144749503246
3372,4413.032429198409
3381,17281.268050551964
3401,5560.129690275112
3402,4152.383747406004
3403,4049.5867768595044
3404,4374.778537783999
3405,3662.863950907429
3411,3899.3524313268163
3412,4499.263517668425
3415,4076.086956521739
3417,4553.637157340591
3421,4508.145298949845
3425,5373.8317757009345
3431,4077.3113765019098
3432,5194.88388138504
3433,4613.328057812048
3434,4088.3359950970903
3435,5279.600831091315
3436,4653.06069170129
3437,4976.901391899323
3438,4473.323884836934
3439,10819.85209972904
3441,5131.475544979596
3442,5416.327267009264
3443,5043.19100365426
3444,5781.25
3445,4878.844306640514
3446,5582.890052866583
3447,6076.923076923077
3448,4750.73840666099
3449,5569.642712049205
3451,5270.811614150259
3452,4984.357468201789
3453,4572.00580292899
3454,5110.442527964466
3455,5930.519301349918
3461,3698.186153345974
3464,3929.7210300429183
3465,4945.377066115702
3467,4753.048780487805
3471,4886.816991167694
3474,4325.189753320683
3481,5758.293948072102
3511,7249.175137188371
3512,7219.8805315435275
3513,6829.090129932995
3514,6147.957776073959
3515,6734.965352367378
3521,6766.857307702374
3522,6436.5382765795475
3523,5817.714567559073
3524,4836.950452429775
3525,6153.274486975545
3526,6696.578159627301
3527,5857.542523525088
3531,6546.783771410689
3532,6587.567491155109
3533,5806.01956050191
3534,7505.711007812328
3541,6108.079325317276
3543,5228.5796105836835
3544,5202.886183013165
3545,4945.560240084494
3546,7729.468599033817
3551,6595.371232136884
3552,7479.27934376351
3553,5957.396840653503
3554,5394.981843465615
3555,6545.834485943116
3561,5047.717163703067
3562,4291.534007562362
3563,5170.741343494837
3564,4146.470132763456
3566,3282.967032967033
3571,5834.146149183078
3572,6295.6855389337825
3573,6194.792893355264
3581,6226.760041910163
3582,6405.199176303618
3583,6077.350014146231
3584,5913.647752521611
3601,5428.019775902931
3602,4484.080580662326
3603,5236.474479403641
3604,5569.916399831908
3605,4363.0508542371
3607,3991.406566631312
3608,3917.1213815477718
3611,6496.598639455782
3612,5098.181066556428
3615,5856.455429079793
3621,5711.563646430329
3625,7271.190138540416
3626,4725.0464511334085
3628,4768.575617521099
3631,7246.34116344853
3632,6822.367858162558
3633,7921.594696969698
3634,5423.926373431234
3641,5191.484305020364
3642,4454.264788553605
3643,5130.43979974195
3645,6900.665700621963
3646,7479.817374619207
3648,5020.201864129927
3652,8656.387665198237
3701,5656.612717714029
3702,10143.348952135682
3703,5813.962012520744
3704,4777.994687393654
3705,5734.66633269094
3706,3816.2459495944795
3707,6396.530189940253
3708,4945.922875406564
3712,5012.44382095446
3721,6166.537432360989
3722,4948.887253369662
3723,7062.033603599019
3731,4975.017448254781
3732,4996.848089914164
3734,6086.6201370102
3735,6890.9285037270865
3737,6469.512663925686
3738,4694.135665348092
3739,6829.0129278973545
3741,6171.002482409536
3742,5252.861332942245
3743,6384.1783748833805
3744,2723.463687150838
3751,5361.817079652807
3752,4811.768785049906
3754,6250.621978932579
3755,5749.07171107451
3761,6211.276866020519
3762,5235.6074625714255
3763,7157.02003995883
3764,5008.19908523756
3765,3988.4366453287116
3766,5180.702162514275
3768,6269.3347279457
3769,5084.385539247249
3771,4329.114513144137
3772,4214.712509597856
3773,4768.143621084798
3774,6840.985260304573
3775,4760.479041916167
3776,3932.5842696629215
3781,5343.632885759599
3784,5302.936932965192
3785,4576.66708883934
3791,4915.659855184715
3794,3161.1570247933882
3811,5609.99928804198
3812,5412.219470757651
3813,4591.308899196043
3814,5372.350616575861
3815,4534.187010812739
3816,5097.462303157617
3817,5085.4821970118455
3818,6010.642786927879
3819,5889.3667631759145
3822,4314.780993532572
3823,4450.401002386669
3824,4089.88194418348
3825,4672.593209667168
3826,5501.550692693942
3828,4577.052395125065
3829,4530.82700598807
3831,4566.135241038217
3832,5214.049222928538
3833,5082.615301491976
3834,4686.4061496467575
3841,4944.942893397677
3842,3992.8369945039476
3843,4426.155699722041
3844,3781.0450080893074
3845,3896.6473499470853
3846,4891.179465712171
3847,8507.009345794393
3848,4454.38188146948
3849,4752.521439309494
3851,5048.128176860958
3852,4810.3632672362655
3853,4188.14796397398
3861,4959.565693233087
3862,5025.403307279278
3863,4608.331928494882
3864,6640.683032350244
3871,4686.191428788688
3881,5273.451312273932
3882,5165.079647018766
3886,5985.394946933408
3888,4987.260130468223
3891,3837.925325061336
3892,4047.263960977214
3893,3617.9760716018513
3894,4292.0274099741355
3897,1048.6725663716813
3901,4871.876406303743
3902,4013.800300362918
3903,5044.225206878906
3904,4667.842463704471
3905,3903.055113338231
3906,4356.073347290567
3907,4448.9896327841925
3911,4875.857113305571
3912,3748.2659650801243
3921,4951.860702018861
3922,3673.006862662035
3925,4336.08956166411
3927,4288.9953624617465
3931,4853.974444207924
3941,6114.0197940297
3945,5622.753044393248
3947,5266.795158362116
3951,4841.039099315553
3953,5984.307265864566
3956,6017.224840877425
3958,6713.1129300085595
3959,5900.824652777777
3961,4910.936961165864
3962,4411.261768249063
3971,5930.806409139395
3972,5177.714407031956
3981,6023.808971143905
3984,4933.004628126574
3985,5539.989734876642
3991,5393.032250069557
3992,5276.6359536917025
3993,5038.410878112713
3994,5274.108073515956
3995,6186.051597367114
3997,6937.984496124031
3998,4642.535312169966
3999,5724.462365591397
4001,4207.924393423891
4002,3807.088109311639
4003,3912.3025681568597
4005,4183.073329813752
4006,3513.8243980822385
4007,4135.926798098431
4011,4306.106981692913
4012,3548.3060579959806
4013,3951.521164021164
4014,3934.336633589606
4021,3943.420230903976
4023,5154.700854700855
4024,3247.582444830151
4031,4036.987351628986
4032,3972.9517773403113
4033,3438.6877032677266
4041,4228.075495655133
4043,3799.6740665812454
4051,4654.582768817455
4053,3858.487029539661
4054,6359.95575221239
4061,5935.094630110506
4064,4407.838983050848
4101,4170.363704925473
4102,3783.825235046791
4103,4531.828209833359
4104,4280.821917808219
4105,4290.473672136691
4106,5425.561029009305
4111,2646.873643074251
4112,5745.580533716126
4116,5019.191590981963
4119,5158.730158730159
4121,5560.987605284565
4122,4178.062868615845
4124,3592.338757889835
4125,4360.114082336305
4128,5292.805029937383
4132,4343.196990311321
4133,3797.006437502732
4141,5353.960638681089
4142,4627.257336369913
4143,4281.653099703588
4145,4178.262702930635
4147,3747.30040656811
4151,3552.6315789473683
4153,4656.493019272389
4155,5191.642297964458
4156,4676.470588235294
4158,4043.4705915726336
4161,4217.398752295932
4163,4126.21359223301
4171,4101.192295144689
4174,3466.2576687116566
4175,3568.0316311452284
4176,4734.848484848485
4181,3918.3792142729344
4182,2798.507462686567
4185,4106.164383561644
4191,4941.785400986181
4194,4239.867473947173
4196,4079.3980566125692
4197,3019.5803075937592
4201,4562.7571826807
4203,4538.461538461538
4204,4197.0833461343445
4205,4388.096935296409
4206,3938.375864216018
4207,4075.6830098109613
4208,4237.2571142016095
4209,4361.188339360102
4211,4840.161817868824
4213,4870.664818438791
4221,10210.842151675484
4223,4167.926921023251
4225,3924.5202731066656
4231,4628.64533499917
4233,4161.460251894208
4235,3742.8571428571427
4241,4064.3273897633862
4245,4585.743075860949
4247,3419.5804195804194
4251,3687.120328044187
4254,3996.366346192735
4255,5196.7468995248955
4261,3910.2430703590476
4264,2946.8478867047434
4265,5251.547460868751
4266,3398.000274214428
4267,4215.116279069767
4268,4343.511450381679
4271,4228.742769245385
4273,4242.963869499114
4281,3750.361381458138
4283,4082.0051900468516
4284,4916.8940372968045
4285,3995.7423252746903
4286,3666.1752187130533
4287,3260.8695652173915
4288,4237.28813559322
4301,3784.133885768483
4302,4268.555289284492
4303,4022.9724696307103
4305,2584.051724137931
4306,2889.4971171099255
4307,3135.6463856463856
4311,3824.0301825255933
4315,4048.110837601877
4316,3315.287405581097
4317,2170.0133868808566
4318,4007.7983299657863
4321,3160.626129159201
4322,4145.990099009901
4323,1520.618556701031
4325,3884.9557522123896
4327,4050.925925925926
4328,4802.614047072518
4331,4131.61674497542
4332,3773.307921743818
4333,3375.626450278458
4334,2828.080799395553
4335,3347.440013091429
4336,3225.1875449446266
4337,2761.5559101425447
4339,4306.651046371575
4341,3589.214089570291
4351,4380.650158021163
4352,3897.6377952755906
4353,3691.2403587025547
4354,3349.069161060239
4356,6333.5770337090935
4357,5674.569970838895
4361,3507.0343394640463
4363,3755.976013234078
4364,3797.7890126564166
4365,3820.263152380895
4371,3945.3640634563394
4373,4375.064264539015
4374,4743.1449387217735
4381,4218.278137090465
4382,4067.967199224996
4383,3073.627695867605
4384,3489.117991161575
4385,3457.9798711537537
4386,4594.62021318441
4388,4108.538602025693
4389,3324.324324324324
4401,3470.7615824386976
4411,3142.9542704507066
4413,3917.5708959511926
4414,1650.0
4416,3372.6243296890266
4417,2624.7718096917824
4421,3579.0034919466034
4423,3576.749734888653
4424,3340.8496054260704
4431,3239.063391115718
4433,2609.3858267716532
4434,3526.0935602932864
4435,5808.823529411765
4436,2737.2289156626507
4437,2700.0877367896314
4438,2816.0525795495123
4441,4132.458208651679
4443,3929.2929292929293
4444,3541.6666666666665
4451,2921.9530084948415
4453,3593.1194339503004
4454,5709.710669077758
4455,3925.619834710744
4456,3214.285714285714
4458,3327.3545069360785
4461,4022.445827598957
4462,4405.562421163675
4463,3291.913086440676
4464,2908.48195569274
4465,4582.3822899628085
4471,3060.6725146198833
4472,4302.164215893051
4474,6316.176038545156
4475,3482.3707973468872
4481,3731.321662077377
4484,4775.942998791236
4485,2203.5947816741423
4486,3937.3190027088253
4491,3256.2134448536467
4493,3915.4165142899697
4494,4333.333333333333
4501,3088.0953542300763
4503,4121.968619330662
4504,3741.025790639029
4505,4185.670698835793
4506,6406.99267841177
4507,2902.4441320852115
4508,3040.8383783252693
4511,4334.605370440521
4513,2994.37741653838
4515,3477.8864865967553
4521,2597.1699901168313
4524,5181.555251293877
4525,7703.448338312618
4527,3513.291109602534
4528,3359.027846351338
4529,2684.3456519876413
4531,2597.3934847125543
4532,3750.2325704686195
4533,3183.917982505728
4535,2752.880788794453
4536,4019.336539722347
4537,3469.453244303633
4538,2400.9171605521196
4539,3146.7420037007664
4541,2693.4457024957437
4542,3140.0703354783486
4543,2326.9513404912364
4551,2828.720825924642
4553,2908.9741192662673
4554,3886.966846444619
4561,4664.625069237988
4562,3076.428571428571
4564,3084.929304431016
4565,7974.789915966387
4566,4711.808784803185
4567,3227.100114835746
4568,2838.189845474614
4569,2436.868686868687
4571,2888.9608427431826
4574,3608.348968105066
4575,3412.017167381974
4576,2587.675370873853
4581,2742.5463511994217
4583,2482.0143884892086
4585,3326.5832106038292
4586,2006.3131313131312
4587,2987.321384556745
4588,1376.6233766233765
4589,2657.1475943646997
4611,3533.5891514295395
4612,4473.647540983607
4613,3492.291771676437
4614,3090.334106198887
4615,3650.1615177646586
4616,8232.804528284698
4617,3646.231329254527
4621,3084.238813302746
4622,2967.370063582803
4623,2234.4322344322345
4624,3030.671999969502
4625,3344.9205505207474
4631,4971.580051762608
4634,3811.4579164999336
4635,3467.6339367156606
4641,3387.517025474194
4645,3069.484864708787
4651,4788.063880856888
4652,4056.910569105691
4655,4120.073948079521
4661,3497.9192509111085
4664,3242.1562867215043
4671,3400.763018044858
4675,4538.697639129605
4681,3774.5097610113157
4691,3318.544402709249
4693,4489.948263118995
4694,1716.56050955414
4695,2406.4950984277707
4696,2799.701935860848
4697,2842.651218286916
4698,3591.5097100161283
4701,3651.8515622470536
4702,3803.404752818468
4703,4127.6601718734755
4706,3467.9215763536745
4707,3521.9068921208454
4708,3642.5920233394427
4709,6039.8358640621
4711,3874.3466198759784
4714,3627.511834970292
4715,3680.781912554187
4721,7188.084471913492
4722,2676.7676767676767
4724,3597.067044095669
4725,4898.7080462520125
4726,3291.211209952266
4727,5000.0
4731,3697.125794430608
4735,3916.7015538994924
4741,4770.6808074006985
4744,3935.49466246274
4751,3919.118114023179
4754,3339.0071845014613
4756,3942.2916487367756
4758,10891.041008963952
4759,3422.677385993969
4761,3511.6351930023225
4762,3876.4704485228503
4765,3946.4078658083185
4766,5559.006211180124
4771,4520.887445887445
4772,2477.3755656108597
4781,3346.4566929133857
4782,3205.781929388924
4791,3100.5126445103238
4793,4063.136053505681
4794,2434.748427672956
4796,2324.858350139249
4797,3688.4595066945117
4811,5557.4439386453805
4812,4282.879975179425
4813,4200.6116061229595
4814,4312.8323268764025
4815,5092.985639117773
4816,8413.592423121321
4817,4105.395776109964
4818,5078.893209955784
4819,4834.275149897344
4822,4411.083483889459
4823,4183.435854658859
4824,3603.226233832475
4825,2126.6666666666665
4826,3625.9004255560903
4827,3997.947502362081
4834,4025.1249942414183
4835,5506.464379160559
4836,5588.466091145091
4837,4187.348186909418
4838,6037.1360093301455
4839,5683.709565288514
4841,4525.874415334145
4844,4041.023065782648
4845,3648.053899439772
4847,4226.385785466673
4849,4227.901386960185
4851,6113.343928443709
4854,4874.811488413438
4855,5097.883597883598
4856,4958.677685950413
4858,5464.135021097047
4861,4449.2856685440065
4871,3945.7288975510537
4872,3954.502325679573
4873,3845.585328900105
4874,3595.3084740736617
4875,4238.959104760604
4876,3708.3576001203573
4879,5748.201438848921
4881,3657.6495057205516
4882,10908.291763045148
4884,3615.4622612336057
4885,2884.162206186678
4891,4181.305397999374
4901,4198.332711302268
4902,4868.707919212496
4904,3787.7240119612866
4905,3592.562153277173
4906,3884.023408624388
4907,3889.111615051375
4908,3794.1474023982328
4909,3041.79680795218
4911,5281.605022312987
4921,4008.129111650524
4924,3812.800312884121
4926,3928.5243282272436
4927,3506.762326270622
4931,3675.1275983671107
4941,5119.884624178037
4942,4603.9767123821675
4944,3553.537255165162
5011,3044.453598106938
5012,3331.477236057006
5013,3834.658299447032
5014,4154.392709624445
5015,5121.664897054676
5017,4592.910052659776
5018,4273.342170166027
5021,5159.483782682951
5022,3259.160191019202
5025,4236.326941939537
5026,5142.125238522395
5032,4296.174367450089
5035,4058.962961226785
5036,3989.034293896473
5037,3789.26215888692
5038,5646.958925746545
5041,4487.553359842216
5042,3911.372858057233
5043,3648.5788892859614
5044,3604.948667853183
5045,3850.210305160289
5046,3957.3057328058917
5049,3364.846424584272
5051,3985.053676930279
5052,3703.368360175049
5053,4356.614626329196
5056,3966.289745774245
5061,5261.603347907228
5062,5659.659990394888
5063,4246.462793068298
5066,4416.624179329477
5071,3819.0041052603397
5074,2619.0476190476193
5076,4754.153069170659
5081,4198.083960075778
5084,4614.0746914227575
5085,3069.176756368006
5087,4116.734011199581
5089,3472.222222222222
5091,4544.858993228434
5094,4079.185164879293
5095,3890.0185051054527
5096,2911.764705882353
5101,5523.865539564348
5102,3585.674970030142
5103,3804.2660683927156
5104,3783.8682933131704
5106,5227.8014552099
5109,3870.46777118631
5111,3842.764769413931
5113,4759.181783531069
5121,4949.065787911349
5122,4503.23324856313
5124,4926.453835861321
5125,3113.1859837713228
5126,4205.71909908128
5131,3397.000409667034
5133,4108.508758380418
5141,4262.670610998354
5142,3491.976279955612
5143,3995.5098787098004
5144,3731.2762842087777
5146,3657.9854264203864
5151,3791.10787443258
5152,4358.345040464109
5154,4439.784394657469
5156,3468.696115741447
5158,2727.2727272727275
5161,4136.398587766154
5165,5191.445571149287
5171,4312.280087512983
5172,4399.267102163262
5175,4704.636921168614
5176,3909.404502541757
5211,5834.835050746856
5212,5371.542303449747
5213,4810.351120544457
5215,4142.403906884287
5216,4905.287127741047
5221,4142.409814848977
5222,3717.335296282665
5223,4962.591955987956
5224,3864.561153288351
5231,4367.938785442121
5232,5655.500751076941
5233,3810.016338363022
5235,4078.7913111342436
5236,3985.4163186388546
5237,4760.11974210613
5241,5142.8381425218095
5242,5017.580214450999
5243,5204.255453818502
5244,4323.3851066951975
5245,4350.969862582266
5246,4532.6689187325965
5247,4294.039476952043
5248,4579.52047952048
5251,3856.1940548273756
5252,4019.2018745694054
5253,4225.520231506821
5254,4625.147760020517
5255,4239.615683229814
5256,3855.791808854067
5257,7803.468208092486
5258,4433.208464734396
5261,4352.630418665981
5262,4159.828745141965
5263,5822.289408680932
5266,4525.641025641025
5268,4072.4843085035372
5271,4392.181403447075
5272,4807.9846079846075
5275,3911.564794696533
5281,4305.834732544559
5282,4078.2577746668508
5283,3850.0113432053085
5291,4748.723972520129
5293,4397.527472527472
5296,3771.766716035669
5298,3296.828973222212
5301,4368.141613663114
5302,4614.296803230003
5305,4548.47282493605
5306,3768.694082824387
5307,6419.642857142857
5308,5342.047789438329
5311,4427.698676768549
5313,4075.1304554079697
5314,2953.0165800037826
5315,5760.869565217391
5321,3958.5593275133965
5324,3857.658582552167
5325,2660.406728060007
5327,4931.8452380952385
5328,3949.324801353596
5331,4250.514190749283
5334,6249.08738572779
5335,4895.937277263008
5341,4461.330715851193
5342,3902.9183542522564
5343,3170.5516841946733
5344,3583.671308184731
5345,4111.3644739176525
5346,3676.6150571905773
5347,3289.567908086162
5348,3811.2935922894944
5349,3465.1605576695824
5351,4102.70568265084
5352,3409.090909090909
5356,2794.5136799885404
5358,2259.0939153439153
5361,3840.679305623812
5363,4586.527090682662
5364,3928.0359820089952
5366,3666.960649753237
5367,3775.104098409637
5368,2962.962962962963
5371,3369.9487277046546
5373,4469.290114690068
5374,3393.146119217676
5375,3487.61906882926
5381,3523.6182964237405
5382,4320.230939576084
5383,4095.563139931741
5384,3923.3862746601594
5386,3934.5186661919274
5388,4079.2262546291463
5391,4124.574625841984
5392,3567.2703897509923
5394,2161.417322834646
5396,3901.7142531294653
5397,3824.348573533803
5398,3955.130333403126
5401,6436.5342212994165
5402,3652.2718684627175
5403,3573.2672856042577
5404,3974.3250352162304
5405,5282.786885245901
5406,4032.114964427626
5408,3923.277482177155
5409,4264.285714285714
5411,4056.8002992608695
5421,3427.9776960207055
5422,3991.432660893873
5423,4592.971122653593
5424,3000.0
5425,4769.7255150005185
5427,3700.8544554380906
5428,3654.369280080975
5431,3577.7768187484935
5432,4046.788191278413
5437,3618.6612338549735
5438,3382.3529411764707
5441,3777.776372797631
5443,4291.977939696212
5445,4118.601790899408
5446,3349.386988607372
5447,3372.943202302928
5451,3817.40316298219
5453,3754.5986439541534
5454,3219.7359116060215
5461,4548.290871015487
5462,4435.316662372595
5463,3842.628683915332
5464,3787.731214877646
5465,3406.4610075915393
5466,3969.391977591809
5467,3750.9019635586155
5469,3838.0687818046604
5472,3008.298755186722
5473,4630.160702962775
5476,3572.220960857325
5481,4117.784881641464
5482,3976.475263907546
5491,4597.511385400797
5492,4532.999160211023
5501,4534.188939279255
5502,4741.832893195727
5503,5259.211765613973
5504,4985.636142873554
5505,4616.950469644372
5506,4728.848823288264
5507,4843.945225695501
5508,4468.538079284402
5509,4504.694075252197
5511,5695.0672645739905
5512,3887.215949155545
5513,2250.0
5521,3994.035233167104
5524,4423.750334135258
5525,4340.106534466944
5527,4170.6590851869205
5528,4169.084522269737
5529,3632.296601520576
5531,4262.981962357792
5534,4678.22684561815
5541,4511.738925143539
5551,4043.091011426266
5552,3993.6128940438075
5553,4520.9509955228
5554,4201.829779191453
5555,4586.597761122877
5556,3765.4892877822817
5561,3634.1310412640564
5563,3519.0476190476193
5571,3802.9842373298184
5575,3871.2900057691613
5581,4894.912164648541
5582,5070.917672552465
5583,4528.298057483953
5591,5174.885254334794
5595,4038.1109102887463
5611,6236.237721430577
5612,5032.764407006447
5613,4769.1805155562915
5614,4377.101945307968
5615,4996.993843328479
5616,5096.266125085338
5617,5936.686154663832
5621,4758.254063168699
5622,4754.951337160043
5623,4708.811694677596
5624,5011.314272964829
5625,4257.639782684168
5626,4920.318861202729
5627,4333.398777612947
5628,3809.7037329930104
5629,4294.7003357580315
5631,3989.029160147307
5632,4124.109085104841
5641,3710.867926224349
5642,4499.703387882029
5643,4643.161343242504
5644,4747.5575539720285
5645,5127.109318045526
5646,4934.366056986437
5651,5108.999633344907
5652,4315.955125781995
5653,4206.252798384724
5654,5401.861528277558
5655,4129.838745278819
5657,3193.1264257677717
5658,4723.569900325962
5661,3781.162690737159
5662,3831.942236354001
5663,3838.0156665759537
5664,3796.376802483758
5665,3128.2654711292707
5666,4160.70537573693
5667,4046.055728659455
5671,4043.042163413235
5672,5281.50002428764
5673,3621.8217409470585
5674,4924.722205847496
5681,4195.011337868481
5682,4081.9772196431263
5683,3818.151582822634
5684,4263.444404985409
5685,3979.6840411052804
5688,4309.576436965588
5689,4404.411764705882
5691,4446.871455875052
5692,3802.971566129461
5694,3914.0131966797658
5701,4356.972972249844
5702,3388.3901243840996
5703,3493.6551306679407
5704,4104.186427206826
5705,5867.044710907358
5706,3558.7807228755432
5707,4202.848661827414
5708,3871.169657861497
5709,3739.5916418451507
5711,3782.049520834444
5712,4612.971891585003
5715,3161.372754229897
5721,3339.2548453014997
5722,3716.2162162162163
5725,3120.57775866252
5731,3921.852371639961
5735,4447.89758777912
5737,3737.597316197981
5738,3750.955485611511
5741,3433.5128634500165
5751,3585.825247099151
5752,3784.718905472637
5753,3876.927361684765
5754,3294.868173481769
5756,3516.2168241115605
5757,3974.358974358974
5758,3406.183337985535
5759,3876.054982126173
5761,3579.557940923281
5763,3949.9943506126665
5764,2988.1889763779527
5768,4362.536230424905
5801,3855.0520015700727
5802,3200.135968103711
5803,3248.5536681444455
5804,3549.9004397395533
5807,2692.4652552992598
5809,3725.7702182284984
5811,3031.702898550725
5813,5566.3345683565285
5815,5787.277238890142
5816,2092.7304655752932
5817,4128.440366972477
5821,3566.706613727074
5823,3114.7752394988947
5824,2261.904761904762
5825,3538.774676742565
5831,3715.2532798817306
5835,5971.580779783962
5836,3475.8010145639014
5841,1678.4452296819788
5843,3151.520819988581
5844,3640.6623185525846
5845,3165.6197157094075
5846,2978.5144896256006
5851,3183.9926060821304
5853,3109.576881580579
5854,3200.4009785620206
5855,3278.6871809036143
5856,3424.276287782035
5861,2578.323483406361
5863,3642.9794547966026
5864,2401.4719848053182
5865,2809.0483936991286
5866,2606.8083467882084
5871,4057.997036023712
5872,3659.081581155185
5911,3354.379079517804
5912,3479.3084745117408
5913,3289.690249699059
5914,2955.6537422194288
5915,3132.7867082861785
5916,3116.8022757185436
5921,2854.053936355714
5922,2632.5746132240165
5923,3127.1008403361348
5924,2764.1395624356715
5925,3216.394373612662
5926,3416.434810605528
5927,4672.131147540984
5928,1250.0
5931,3235.4432789032876
5932,2770.5672612107956
5935,3214.1277894404197
5941,3148.2216577414147
5943,3284.2211166574793
5944,3329.6988575505197
5951,3359.7098965663217
5953,2856.908392191426
5954,2968.043909122804
5961,3303.422998397283
5962,3481.450608931824
5963,3205.0064738886495
5964,2923.8653159740243
5966,3237.9035452564863
5971,2848.199785422339
5973,3091.258271417632
5975,3062.6075890414877
5976,2354.1666666666665
5981,3147.561808199587
5984,3113.084176474637
5985,3191.366532949311
5986,3922.936616507068
5988,3136.7329646450003
5991,3462.917897026318
5993,2846.058780133418
5995,2290.2894052554784
6001,3910.192858234333
6002,2987.8123752202628
6003,3777.9979892246993
6004,3308.603299304439
6005,3196.9434573703893
6006,3543.066095530195
6011,2647.900260065248
6012,3717.948717948718
6013,4776.178678820659
6014,2810.4721176129547
6015,3342.962333891288
6017,2327.7766214291205
6019,3074.021453307033
6021,3395.6992204458575
6023,3565.4761904761904
6024,1943.867489090299
6026,4005.7515969651517
6027,4856.268047396196
6028,2147.0588235294117
6029,4591.672076148066
6031,3388.416092659296
6034,2361.958661417323
6035,3105.7947483222138
6037,3737.688615747552
6039,2982.3544908284616
6041,3774.8539412414975
6042,2938.4784479286423
6043,2945.9664174112927
6044,2933.832704007912
6045,3361.085429459088
6049,3587.2112301705865
6051,3235.8135639245024
6061,3559.6545738948394
6063,2744.183400987821
6065,3225.2421736565298
6067,3073.105243995774
6071,2818.7550426816697
6074,3186.940995707028
6075,2824.7183097077846
6077,2931.573598012486
6081,3021.3146759738675
6082,3066.864659180075
6085,3514.6645414041786
6086,2979.681648184542
6088,2673.1526995806034
6089,2812.3215014279886
6091,2598.659402976944
6092,3566.326530612245
6093,2557.856004194062
6095,3395.494247802072
6096,2031.7439409905164
6097,3071.423933016042
6099,2985.5662020246073
6101,2709.292488088275
6102,3658.952982085298
6104,3383.0056864044122
6105,2956.2455179636872
6107,2919.8613752315023
6109,4858.432433775763
6111,2422.680412371134
6112,3379.6296296296296
6114,3260.1783775959866
6116,2988.658544305338
6118,2389.7578156326326
6121,2949.2225324765127
6122,2830.792354465238
6123,2868.463962151498
6124,2927.5101845195304
6125,1730.956993693708
6127,2661.909733372427
6129,2705.1333968947856
6131,3329.003485790139
6132,3311.403321743029
6133,3854.912162126116
6134,2729.658671264471
6135,3350.751248972721
6136,3566.609557675893
6137,3038.494116095557
6141,2910.071110171094
6142,2885.3754030400737
6143,3673.1270117898025
6151,3002.7823138561153
6155,2888.8888888888887
6161,2017.6908915304741
6162,3685.517521576853
6163,3117.5449482666063
6164,2807.5238202607916
6165,2864.6184451905347
6166,2818.534997129303
6171,2870.330709015786
6174,3068.181818181818
6176,2254.285696072714
6181,2915.1028501557366
6191,2826.912715282357
6211,4417.8104569394645
6212,3842.5760680350318
6213,4044.692352250703
6214,3221.7502651562795
6215,3385.4987338668225
6216,2990.987685262783
6217,3338.131049211482
6218,3079.4025970212692
6219,2817.839063612422
6221,5026.931930951561
6222,2879.7822961399406
6223,2804.62795805345
6224,4766.603391683066
6225,3951.5894588110928
6226,3289.5580026468638
6227,3806.47361230433
6228,3160.158586933239
6229,3659.5326556073023
6231,2880.0051131733167
6235,3610.023898125762
6237,3135.4153041203404
6241,3196.291062338672
6243,4734.466164620303
6245,3301.754677314916
6247,3115.8784434927425
6251,3588.965047298381
6255,2778.3790283790286
6261,3364.5253730529776
6262,2423.19117430625
6265,4064.814814814815
6267,3422.857356274804
6268,4412.988650693569
6269,3180.8261175815496
6271,3259.746806498783
6273,3048.6111111111113
6274,3901.734104046243
6277,3293.6507936507937
6278,3451.3888888888887
6281,3057.8842880385914
6285,5685.714285714285
6286,2726.8015679427626
6287,2957.1294224542053
6291,3408.0082336237965
6294,4024.853539434581
6295,3960.898585375573
6301,3134.43648477042
6305,3081.4559228557596
6307,2137.68115942029
6311,2666.963109354414
6321,2776.182528250778
6325,3099.032915239426
6333,3569.906374805261
6336,2843.1422643379165
6342,1711.6788321167883
6343,3077.8917114634046
6351,2879.4693521595623
6361,2524.743868795821
6363,2841.696519949648
6365,3096.355257018888
6367,2825.1137358724072
6369,2795.7197490599688
6371,2976.5048531522934
6372,3234.906229309988
6373,2627.939876204811
6374,2448.20611062399
6411,2790.1926336782585
6412,2738.4733064906886
6413,2424.1070478739316
6414,3093.415023690037
6415,2533.5355443271405
6416,3546.498798641346
6417,2848.6230080570026
6418,2762.481653731379
6419,3119.393462043035
6422,4654.255319148936
6431,2179.215268332681
6432,4008.116693337193
6433,2479.316837226237
6436,2503.5226648905887
6438,3264.2642788474745
6441,2625.3761444884335
6442,3199.4537522423648
6443,2754.3944680641457
6444,3380.4855154515712
6445,2262.007652108487
6446,2931.845115516212
6447,2621.528181489586
6451,2135.6966271757096
6454,3240.740740740741
6456,3285.3331881533104
6461,4204.1246971683295
6462,3290.7501326090687
6463,1949.369979346937
6464,2717.324854067966
6465,6985.832349468713
6466,2700.0253566560496
6467,2677.514109797183
6469,2243.2271017601274
6471,2936.455339530279
6511,5120.839886015041
6512,5452.784521380396
6515,4408.653659493007
6521,5084.754627498489
6522,5054.247273500747
6523,6548.939008155228
6524,5066.065213380776
6525,4688.347517789207
6531,4398.100831858262
6532,4757.512669153125
6533,5247.657841725684
6534,4048.872461170848
6535,4054.585469190035
6536,3251.037172253568
6537,3383.9164051968073
6538,4112.853227972016
6541,4668.624645561537
6542,5815.837286610382
6543,4687.836678016274
6544,7979.22502334267
6545,4366.410843053802
6546,3759.052756026955
6551,2675.835551611949
6561,3543.361022829032
6562,4049.0167646923232
6566,3240.011297020943
6571,3786.047882868194
6572,3189.075630252101
6573,3275.531287905238
6574,1976.9689745644862
6576,3543.961436351852
6578,3562.954781704782
6579,954.1984732824427
6581,3786.4392270841977
6582,3693.0905475760665
6584,3399.072764828183
6585,4413.789014081663
6586,5566.558441558442
6591,4550.966172271969
6595,2809.5680016833344
6596,3438.6333306531565
6598,4470.154280716799
6601,3460.952344852508
6602,4639.976293912795
6603,5326.9387345139
6604,3710.295027527335
6605,3881.077628049145
6611,3508.89608017317
6612,3572.216359940145
6613,3927.277626418371
6615,3101.736972704715
6616,4183.682457507886
6617,4023.555688042199
6621,3443.9678563656357
6624,4278.840969428222
6626,3652.757413645304
6627,3779.0697674418607
6628,3636.3636363636365
6629,3162.4931898636696
6631,4311.117123617124
6641,3876.804018299383
6642,4240.504209300018
6644,3680.640323124436
6645,3484.5848385354407
6651,3687.7574258092823
6652,3390.788610647229
6653,4767.604053589056
6654,3475.0450218677643
6655,3054.2567426043347
6657,3739.2186807895314
6658,3741.1258205536624
6659,3260.9806186238807
6661,4418.3899016097175
6662,4309.612104462554
6663,4523.730680195848
6665,3975.0076056154408
6666,3889.326804280114
6668,3960.3960396039606
6669,4136.244095827167
6671,3734.998569066054
6672,1811.926605504587
6673,4366.714710257265
6674,4233.718492842758
6675,3840.6361628369905
6677,6081.081081081081
6678,4049.2684508427583
6681,4526.178929720594
6684,2601.96905766526
6685,3759.0394727755247
6686,3654.200824952883
6687,4037.0810908478497
6691,2814.8704167990213
6701,3977.692473469462
6702,4440.815372822001
6703,4631.423362595411
6705,9042.553191489362
6706,4326.373674300739
6707,4123.243110969634
6708,4619.189663393509
6709,4521.19659505815
6711,4883.373052369417
6712,4647.4770748170085
6713,4022.7464310017963
6714,3704.4569947694977
6715,3851.7214924831374
6716,4315.443203408243
6717,5976.599309058389
6718,4693.997895865736
6721,5226.971083893897
6731,5228.553278411017
6732,4865.822361196899
6733,5176.822341469418
6741,5680.632891858612
6744,9359.375
6745,5136.986301369863
6811,4613.320731625522
6812,4096.98378549242
6813,5170.293771022561
6814,4873.886864300551
6815,4645.286649672615
6816,2910.99493054162
6821,4647.729528708429
6822,6890.272349112254
6823,4164.061853340327
6824,4242.505973360317
6825,3318.4206694540912
6826,3431.396090012818
6827,5324.945970978697
6828,4055.176649448151
6831,3624.8321560948316
6832,3495.9042636503727
6833,3676.637053246804
6834,3258.9285714285716
6835,3110.356572663384
6836,4235.591656428284
6841,3838.3288785235554
6842,4300.832095342119
6843,3495.490812614522
6844,3494.776664431002
6845,3131.4378395435865
6846,4475.218320521649
6851,4190.446667624791
6852,3503.797589789183
6861,5533.848203630412
6862,5557.592226078437
6865,4737.446595724984
6866,4178.635508388842
6871,4009.2176828979796
6874,5059.182808615879
6877,4055.232558139535
6881,4263.428769357624
6882,3376.2945626546743
6883,4322.428164991835
6891,4815.83573026526
6901,3919.3960852406467
6902,2757.3529411764707
6903,2856.5942482208657
6904,3054.4949461526935
6905,3701.376268608115
6909,3819.4033728384875
6911,2803.092042459291
6913,4124.759200342288
6914,4998.078250656199
6915,3400.633484721632
6916,3143.799438493098
6917,3010.204081632653
6921,3466.9130979673296
6922,5943.861406558785
6923,3974.358974358974
6931,3131.232397532024
6932,3472.7462241268113
6941,3265.179669691935
6942,3443.4368191600483
6951,3303.452752933532
6952,3510.286369189586
6953,4124.250426411226
6957,4065.4131626123835
6961,4297.729396153626
6964,3881.053837342497
6971,3914.29416046073
6981,3801.3593931182163
6982,2883.468705576086
6983,3035.954440630294
6987,3259.6039276669103
6988,4416.219610060613
6991,3899.471821847714
6996,4258.815929472565
6997,4013.4428448381937
6998,2989.1304347826085
6999,2971.166030703676
7001,4301.21939220058
7002,2859.331493528158
7003,3651.660699748812
7004,3396.222538954563
7005,5160.297098557146
7006,3641.648376194157
7007,4269.040318847753
7008,3029.7619047619046
7009,3403.631766255038
7011,3515.92219742558
7021,3825.378396353585
7025,3831.5336691423545
7031,3212.6856306367654
7035,6877.692354844829
7037,3427.1479350469754
7038,2934.6396845211893
7039,4228.175606177634
7041,3356.009266381492
7045,3601.689976689977
7047,2669.2982456140353
7051,3134.1992103786074
7054,3400.0
7055,3556.2865497076027
7061,3930.628302000707
7064,3561.6459546451847
7065,3324.153396492643
7071,3453.2459379453217
7075,3421.5686274509803
7076,3774.6806039488965
7077,3044.186046511628
7078,3883.4951456310678
7081,3234.1825543718837
7091,3365.016488182115
7101,3167.7045601323944
7102,3528.812002251237
7103,3646.2234081841334
7104,3891.6491039132547
7105,9266.666666666666
7107,4596.88995215311
7108,2857.491348964859
7109,7218.72929036676
7113,5098.425196850394
7121,4984.977144207403
7122,4354.38329342127
7123,2741.910915012081
7126,3464.4776481559015
7131,3588.7666918708182
7132,4259.311140408701
7135,2986.413043478261
7136,2871.9192102109714
7137,3539.799402475459
7141,3075.7248951969477
7151,3745.937370947913
7152,4577.022069381132
7156,7490.741596638656
7157,9339.41877584895
7161,3980.8556216483184
7165,3797.704568413963
7201,3908.1986348449113
7202,4560.869630995199
7203,3443.7387207647917
7204,3913.9451598227033
7205,3449.6254681647943
7206,3135.010295536582
7207,3537.3997948239626
7211,4466.507894606952
7213,4404.055579883219
7214,5082.843467692089
7215,6544.502617801048
7217,4058.8989473614115
7221,2514.9940756618107
7223,3003.731343283582
7226,6054.6516478932
7227,4991.277088156183
7231,3726.6778013349835
7232,3687.4644516067874
7233,4994.471811713191
7241,3545.9972311802803
7242,3403.6768498626066
7244,4880.143578338641
7245,4735.202903294933
7251,3877.3397651304635
7255,3927.173173549202
7256,3831.4401357879615
7261,3601.2021056771478
7271,3625.525501346857
7273,6757.732329365915
7274,1500.0
7275,3845.005975515613
7311,4374.375020439052
7312,4104.079825546677
7313,4944.960618956421
7314,4544.782979152553
7315,4499.822308490253
7316,4681.804597364712
7317,4819.277108433735
7321,4060.4688908431276
7322,3780.3272071991305
7323,3995.441399668203
7324,4102.897389426617
7325,4106.200748025747
7326,3286.0517558458105
7327,3469.1552611499774
7328,3526.6683454109475
7329,3741.7381235588064
7331,3968.9381854532926
7332,6371.826076718203
7333,3738.0960672967194
7334,4310.323180655661
7335,4988.997912261902
7336,5479.867788461539
7339,5506.364640457148
7341,4699.612403100775
7345,4354.075951546298
7346,6173.333333333333
7351,3355.657759087101
7361,6549.149957178304
7364,5339.622641509434
7371,6564.709253420468
7381,4605.1758460517585
7382,5695.740831368362
7383,4278.243668522803
7384,5098.663530668131
7391,4419.3196949793655
7392,5572.916666666667
7396,3709.4594594594596
7399,3177.3399014778324
7411,5158.700909890611
7412,3841.826317284903
7413,5130.707035019233
7414,3621.4567886659065
7415,3511.0470114877385
7416,3819.655889493921
7417,3618.9372935656015
7418,5313.6823723830485
7419,5568.518128079588
7421,3959.805597582165
7422,3866.7549350024074
7423,3461.070128955451
7424,3901.4438964823576
7425,3842.2709910075987
7429,2605.6338028169016
7431,4572.61911622294
7433,3431.673616383785
7434,3680.3278688524592
7435,3653.846153846154
7437,3902.311256262211
7441,4170.575674882628
7442,4256.138285361382
7443,3868.878076632254
7447,4089.690408825057
7448,3044.8417153563755
7451,3882.7686180640035
7461,3725.046938736198
7462,3215.059627196919
7463,3394.3445986400047
7466,3504.4014084507044
7467,5708.029935275081
7468,4128.537243950611
7471,3993.1944925914545
7475,3523.7409286680627
7478,3677.9031299498465
7481,3680.3892083475607
7482,2971.372248552679
7483,3133.2621264942263
7491,3766.2695938068896
7495,2211.8280833390527
7496,4059.7240299108503
7497,3422.638852346997
7511,3435.667537194285
7512,4293.060289185272
7513,4017.23381289619
7514,4857.130710433182
7521,3502.8151919534635
7522,3858.360040033628
7523,3185.923914442382
7524,3763.120366144973
7531,4326.287174857334
7532,3329.8452408935036
7533,2585.7995424495575
7534,3462.718343122099
7535,3219.2757611251254
7541,3262.012602081001
7542,3279.7652636815596
7543,3125.0527876175074
7544,3240.7741128946086
7545,3812.678023751874
7546,6458.354226792702
7548,5205.713936103312
7551,3628.753670888416
7552,3190.353542267904
7553,3400.516153245441
7554,3990.0678753422562
7555,3241.417486728997
7556,3363.715472720048
7557,3614.2305749314237
7558,3042.528750585664
7559,3357.613825667725
7561,2916.6666666666665
7571,3867.6979209213096
7572,4041.273159614617
7573,3742.9475939086833
7574,3304.2196553034614
7576,2861.2421304876593
7577,3467.956474721224
7581,3871.8118201733037
7582,3215.6098506904927
7585,4171.122994652406
7586,2986.616968783812
7587,3815.2532282705547
7591,2915.3205839993257
7595,5018.51841741945
7596,3071.605870925966
7597,3817.0708855800503
7601,2883.149954311589
7602,3005.425199628317
7603,4129.411811753145
7604,2871.109449268302
7605,3526.1083722544604
7606,3024.431727752516
7607,3608.909316546603
7608,2903.009130558691
7609,3316.715160280806
7611,2905.924678505817
7614,1184.2105263157894
7615,3263.6042165468048
7621,3216.80820285128
7622,3419.891847155486
7623,4147.616030443838
7625,4452.948759265227
7627,3615.9669740893296
7631,3878.0187491812803
7636,4009.5693779904304
7637,1765.8227848101267
7641,4327.00677175496
7642,4063.86550094753
7645,2548.7843462425744
7651,3852.9996653769554
7661,3056.451612903226
7663,3932.806324110672
7664,2112.0689655172414
7665,3369.2415218243136
7667,3327.2608978529606
7671,3411.5629372251765
7672,6829.447247214372
7676,3333.224351986437
7678,3012.8231812765894
7679,2624.404761904762
7681,3705.542163111866
7683,3441.0585140999124
7685,3730.583749936878
7687,5149.284988653214
7688,2524.137931034483
7691,2947.1434843656616
7692,3206.5553494124924
7693,3635.6589147286822
7694,3112.2262773722628
7695,3163.4615384615386
7701,2962.451084254032
7702,5100.7696007696
7705,2511.1111111111113
7707,3100.9420080265822
7711,3824.880718158027
7721,3435.520234543402
7722,3776.5485316755444
7731,3831.11107991913
7732,4460.954503699962
7735,4157.671957671958
7738,3377.4834437086092
7739,4190.751445086706
7741,3156.346612891061
7742,3024.464633428368
7751,3693.24762172267
7753,2776.987302998864
7754,745.1298701298701
7756,1446.280991735537
7761,2623.7751867026395
7764,2805.2853458038903
7765,2201.3888888888887
7766,3025.437451022012
7771,3350.7366794898808
7772,3248.194526430705
7773,3386.79540447387
7775,3153.7534141943574
7776,3127.202981414138
7777,3019.512195121951
7781,2105.8823529411766
7782,4001.335273320409
7783,3309.0992647058824
7798,4218.30985915493
7811,3493.3138372198537
7812,2514.3361704908343
7813,3244.8401643087886
7814,3368.363350580924
7815,2409.0682106861814
7822,3335.8265074449855
7823,2677.799103952129
7824,4912.875387718938
7825,2508.913574591541
7826,3015.1955832838835
7827,3299.00473021337
7828,3607.4451997857846
7831,2882.8152070484107
7833,3620.3303264250353
7841,2975.121898980664
7843,3560.7307439104675
7844,3643.21608040201
7845,5800.9708737864075
7846,5411.255411255412
7848,3155.4046276044664
7849,5416.666666666667
7851,3057.201748668231
7854,3874.4029867074846
7855,3325.135680577272
7861,9210.526315789473
7863,2694.6107784431138
7871,2548.3870967741937
7872,3788.017440198432
7873,3572.5354219053343
7874,4162.790697674419
7875,1898.73417721519
7876,4281.920045180082
7881,3569.325086712373
7884,2383.104298801973
7885,3525.880967499875
7887,3082.2313971967046
7891,3524.3378695112483
7894,2722.5278041619913
7895,3503.9370078740158
7901,3785.0649715607406
7902,2908.183013726275
7903,3536.5853658536585
7904,2964.6018767160485
7905,3507.24042330962
7906,3244.415907170326
7907,3374.391073637875
7908,3249.751529275343
7909,3530.7767887404466
7912,4197.740807025223
7913,3477.232582519576
7916,3127.075412335897
7917,3830.399271215409
7918,3102.3483970017032
7921,3565.1053651337656
7924,3412.224884026196
7925,4232.136556104446
7927,4365.125141621176
7931,4268.678604507564
7932,3632.1803986566056
7933,2947.033455859033
7934,3547.667925148156
7936,3257.2847682119204
7938,3827.4065474960344
7941,3560.9248443237543
7942,3607.9288395951503
7943,3228.679526426805
7944,3191.490216601743
7946,5129.310344827586
7948,3602.7831620862557
7951,3209.7367464826443
7954,3630.2678857458372
7955,3547.57689868628
7957,3566.592459145288
7958,2861.49875992998
7961,3664.3092733227786
7963,3444.2197250407853
7964,4401.408450704225
7965,19565.217391304348
7971,3889.76545185041
7974,3811.4754098360654
7975,3366.915252691115
7981,2924.6795934979054
7983,2469.305983485899
7984,2726.890756302521
7986,5985.099337748345
7991,3980.888493569051
8011,5281.904225150607
8012,4572.836098865068
8013,4061.4108742032854
8014,3770.6696618246237
8015,4169.589856312806
8016,4249.300979962537
8017,4268.342767811054
8019,5150.619408401227
8021,6809.757389672373
8022,4788.881644561979
8023,4484.289429968205
8024,4566.041917161283
8025,6141.461120401338
8026,4353.72817974904
8028,2076.0
8031,3864.2526362702947
8032,5076.989048373136
8033,3773.3645524830963
8034,3417.467686411629
8035,2769.7841726618703
8041,6224.898898340538
8042,3603.5903533026326
8043,3960.877155752285
8044,4245.90611988337
8051,4777.2096797654685
8061,4006.235135897415
8064,3949.172789876667
8066,3219.3548387096776
8071,5953.281729675309
8072,4105.533035013942
8075,4865.865117187388
8076,5358.280446383869
8077,4918.966592970997
8081,3733.0724100782054
8082,3768.191268191268
8084,3874.714295279597
8085,4159.754131985713
8091,3643.4446309752434
8095,4511.303470879906
8096,4591.679562823231
8097,4472.066542670711
8101,3126.7145751194257
8102,3701.8311006117874
8103,3685.8652284105265
8105,4083.6084264860765
8106,3915.8106326114166
8107,3626.071866067783
8111,3998.5761721641393
8112,3459.9567099567103
8121,3918.5384215456315
8124,3240.740740740741
8131,3839.670649615435
8141,3880.5787557896238
8144,3568.6824109414756
8146,4807.692307692308
8148,4706.442822417038
8151,5263.1578947368425
8152,3465.4300291545187
8161,4421.806952872122
8162,4386.309233641843
8166,4418.043774241011
8167,5969.792236194642
8171,4644.170609108939
8172,3840.3585003318435
8181,4734.964829418628
8191,4156.75888653646
8194,4024.197985297465
8196,4324.742268041237
8211,6944.0840685002595
8212,2953.82307333686
8219,3500.713399853241
8222,9490.74074074074
8223,3462.00094483853
8224,4111.3191126188485
8225,3311.0406465202427
8226,3244.565076531886
8231,3668.4053578087196
8232,3550.812682507422
8233,4770.114942528736
8239,3156.100795755968
8241,3660.462636333412
8242,3483.2007828111823
8243,3415.8013329306073
8244,3123.002232195829
8245,3381.0462741521173
8251,3341.5932199596987
8252,3523.903885271582
8253,3917.2341333934496
8254,5669.1286993224685
8255,2971.4989862229118
8256,3384.418926631044
8261,3762.072006249647
8262,3824.313925752035
8263,3021.390374331551
8264,4532.594158895395
8265,3414.2959654926563
8266,3675.3875132105304
8267,3178.2569282569284
8269,1934.2588680683268
8271,3905.2575385005543
8274,3687.39898989899
8275,4698.275862068966
8276,3940.0114257169994
8277,3274.096993958536
8278,4842.249179407446
8281,3640.6299766540883
8301,3894.3246109967436
8302,3402.863737588989
8303,2576.2645551302994
8304,3093.071059544831
8307,3607.377671442579
8308,4694.496560350219
8309,3429.286192655594
8311,4915.709419849733
8312,3441.506900958243
8313,3327.376803464153
8314,2812.8239218285394
8315,2596.7348633529677
8316,2947.3256405207026
8317,4066.775630780579
8321,3605.163741164137
8322,3903.9844324826704
8325,3369.997563412317
8326,4590.072635669381
8331,3222.246849582347
8332,2997.275231874476
8333,3484.052375356723
8334,3285.6343693898743
8338,3804.4352945489095
8341,2983.036890645586
8343,2300.7018789600174
8344,5042.372881355932
8345,1448.473282442748
8346,6740.25974025974
8347,3079.710144927536
8351,3162.1822511074583
8355,4004.47626247006
8356,3591.631548649205
8371,2490.4214559386974
8374,2390.0315203615305
8375,3085.584866613095
8376,4437.095433977787
8377,5415.162454873646
8378,3459.8214285714284
8381,3550.8775937185806
8383,2270.603609993563
8384,5374.727979185688
8385,2628.3733133433284
8391,3551.66045998937
8392,4306.204858640634
8393,3247.03557312253
8394,3709.6774193548385
8396,4522.727272727273
8401,3124.548661703244
8403,765.3508771929825
8404,4350.0
8406,3383.4586466165415
8407,3210.7113316790737
8408,3393.1775608794237
8409,4159.722222222223
8411,3706.15660485882
8412,3793.1531029357116
8413,3366.8688125226768
8414,3442.7603158051543
8421,3809.535064476241
8422,5057.471264367816
8423,3152.0762664659596
8426,4519.659355810767
8428,4637.096774193548
8431,3650.585064997777
8432,4843.2835820895525
8433,3440.242436510972
8434,3044.1904540883424
8435,2731.6603337845986
8437,2056.277056277056
8438,5288.461538461538
8441,3373.85400746089
8442,3373.0582061368627
8443,3645.948225137206
8444,3953.9341377576675
8445,4101.794651794652
8446,2936.732095871114
8447,3430.537942449707
8448,3691.3084390492772
8449,3985.5072463768115
8451,3240.0045433893683
8453,4366.6943521594685
8454,3007.8125
8456,3499.572839439814
8463,2833.3333333333335
8464,4254.678344038765
8465,3371.9671899864356
8468,312.5
8471,3140.804967503348
8472,3038.4615384615386
8475,3166.6666666666665
8476,4116.702741702742
8478,2063.2911392405063
8481,5895.542820723978
8482,5812.244062244063
8483,3186.1702127659573
8491,2777.573266926043
8493,5352.62895457646
8494,3614.044334743166
8495,2505.4749970163502
8501,3306.9906985251846
8502,3684.9057739669615
8508,4447.526254328499
8511,4777.070063694267
8512,7015.4136740975655
8513,2130.9523809523807
8517,2591.9732441471574
8521,2948.458126977519
8522,2536.231884057971
8525,3789.3780774588736
8526,6875.0
8528,2321.4285714285716
8531,3732.231684598424
8532,4106.1187757897
8535,1584.1584158415842
8536,2317.670424813282
8537,4062.7521406719006
8539,2636.281831915156
8551,5077.823253317754
8556,3936.2666435837164
8561,3195.4893673064307
8564,3414.6341463414633
8567,3388.1006092007583
8573,5522.273425499232
8574,3614.940112631483
8581,3872.549019607843
8584,2656.3524806939595
8601,3681.3215570520015
8602,3536.6306490666343
8603,3604.657850764117
8604,3153.170242479271
8605,3744.084964918298
8606,2888.7224722218384
8607,3493.792768444856
8608,2594.2311430279037
8611,6315.88461392092
8614,4052.5774312324015
8618,6691.33870005963
8621,2721.6435185185187
8624,3045.081441580095
8625,3798.645346926962
8627,3504.6728971962616
8628,2864.837398373984
8629,3391.633253552072
8633,3278.81518073331
8637,2803.030303030303
8651,3803.2255295773684
8701,3022.0712509460673
8702,3712.871287128713
8711,3495.723047683573
8713,3693.627981471897
8715,3819.0977893358845
8721,3837.3142839281254
8723,3555.871125185892
8724,3216.9117647058824
8731,4447.742786668961
8734,3199.367356339127
8746,3744.3609022556393
8747,4781.553398058252
8748,2878.7012588759267
8749,1216.02787456446
8754,2966.0375223419856
8757,833.3333333333334
8759,1518.0
8763,2532.6797385620916
8771,2929.6875
8773,3518.5185185185187
8801,2549.070791234703
8802,2759.883610589301
8804,1577.2058823529412
8806,3015.4881101376723
8807,5504.587155963302
8808,2359.6739207737714
8821,3685.897435897436
8822,2763.6050116912193
8823,3516.0
8831,2857.1428571428573
8842,3166.6666666666665
8851,2455.823863636364
8852,2812.5
8855,1586.7052023121387
8857,1610.4294478527606
8861,3781.1756716339864
8862,3875.8108900532234
8872,2700.882874546997
8881,3942.891137085033
8885,9936.868686868685
8891,3751.057753331923
8893,6753.6324786324785
8894,6078.9473684210525
8897,4510.566188197767
8899,5568.982088248144
8911,4376.967456241025
8912,2780.8618206923143
8913,2897.2678945133102
8915,2694.5784471544075
8916,3171.742738839805
8917,2963.193188314903
8918,3018.03071437642
8919,3154.4259642595116
8921,2792.4935997399216
8922,3110.6271934024994
8923,4892.156862745098
8924,4603.578789400924
8925,3989.771711962321
8926,2814.299661877934
8927,3080.934892107773
8931,2997.6726980821527
8932,3004.8249731125998
8933,2919.7398483831635
8934,3045.005341880342
8935,2774.689850460615
8939,3843.5943919061756
8941,2907.1842598756475
9001,3273.960390854282
9005,3530.973451327434
9008,2568.4931506849316
9011,3400.707466371916
9012,3571.4285714285716
9013,3598.4848484848485
9014,3683.127572016461
9021,2412.639405204461
9022,2559.9932123904728
9024,3079.710144927536
9027,5041.949372341529
9031,2916.6666666666665
9033,2598.766722408027
9034,2277.4005864027854
9035,3326.9185085069175
9036,2856.5913267477836
9041,4783.078642689518
9044,2831.137485481998
9047,2408.6702099394975
9051,6241.865247610515
9054,6411.290322580645
9055,3615.942028985507
9057,2911.184210526316
9061,2909.0787823943183
9062,3792.982701869879
9071,1652.7196652719665
9073,3382.5222175201015
9074,2568.8745492149524
9075,2117.6470588235293
9076,2541.103781771688
9077,2354.2600896860986
9078,3693.7702679638164
9079,2686.5030769696314
9082,878.5211267605633
9083,5527.777777777777
9084,4495.924064821509
9088,4034.054653904841
9089,2525.5102040816328
9101,3037.777346626905
9102,3554.4554455445545
9103,3342.2731080502913
9104,3124.2581170318285
9105,2120.272266101586
9108,3540.180102915952
9109,3701.923076923077
9111,3778.9473684210525
9112,3242.761420429302
9123,2627.892585196651
9131,2162.491380593501
9132,3750.0
9133,2928.7405919757207
9134,3986.4864864864867
9135,3940.7894736842104
9136,2009.2944326815295
9137,2801.664617421735
9138,2453.703703703704
9141,5295.254806468042
9142,7331.525936152924
9143,4448.743386243386
9144,2419.3548387096776
9145,2641.9669749349505
9151,3723.4361893459045
9153,2447.745901639344
9154,1187.8453038674033
9155,5072.463768115942
9161,4626.647534013606
9162,3238.41059602649
9163,5487.660929394424
9164,4266.049965609298
9166,6630.3303710445225
9171,1985.3019155564393
9172,2684.1020147672743
9201,2982.447705998922
9202,3162.080283374079
9203,3645.254350377646
9204,3666.725858165639
9205,2858.695218640535
9206,3170.3111759721305
9207,2610.6492752921263
9212,4282.910628019324
9213,4638.888888888889
9216,3645.235173824131
9218,3061.3025105947204
9219,4465.462550677285
9221,2856.412036123282
9222,3334.028248833683
9223,2990.1960784313724
9231,3138.9300341198414
9241,3319.0690690690694
9243,3133.4354445843173
9244,3240.3112767630464
9245,3367.254449571523
9247,4215.243929184013
9248,3765.565695212292
9249,4936.625874125874
9251,2968.4655934149932
9254,3698.690657884167
9255,3144.9718045112786
9256,5000.0
9257,3052.0450166403925
9261,2813.8297872340427
9262,2900.525525525525
9263,1890.9458064438577
9264,3090.909090909091
9265,2690.256697731997
9269,3156.6841039934193
9271,3372.3876738909453
9281,2904.3716829464784
9283,3103.158437223913
9284,3761.650896765994
9285,3709.6720630834925
9286,3831.673944687045
9287,3157.426450051969
9288,3207.496211381828
9291,3061.0587448358747
9293,2825.20325203252
9294,2046.7836257309941
9296,3881.325301204819
9298,3355.1036942540063
9301,3891.6632611404398
9302,3605.967277365841
9311,3934.349802674106
9312,3564.8178045671325
9313,6461.038961038961
9321,3894.245558261652
9331,3341.317235876514
9337,2134.8314606741574
9341,4271.653543307087
9342,3020.1908051648984
9351,2774.7367312600127
9354,4145.109573987315
9355,3967.7737123557554
9356,3033.8793853114526
9361,3974.358974358974
9362,4900.0
9363,3365.7177138774496
9364,2494.4567627494457
9365,2995.0
9366,3483.7374334713186
9367,2777.9655818994647
9401,3712.602996063624
9402,3606.571843121382
9403,3467.60001608825
9404,3254.4415711793245
9405,3099.5967195057474
9406,3357.0389232280854
9407,3055.949865762722
9408,5167.1742240225585
9411,3841.155652685975
9412,3816.115702479339
9413,3291.3624456080074
9414,3229.7690555866225
9415,4079.4376693766935
9417,2707.8754126939098
9418,3546.071450460325
9419,14615.384615384615
9421,3063.8616297343397
9422,2972.2647970569396
9423,1912.928759894459
9431,3341.4665413913194
9432,5732.984293193717
9433,3346.7741935483873
9435,1285.7142857142858
9436,4541.284403669725
9437,4498.368275316456
9438,4014.0845070422533
9439,3406.6047242227555
9441,3952.992678565404
9442,3750.0
9444,3045.4720425294595
9449,3734.986370243369
9451,4100.932957757486
9456,2388.178913738019
9461,2994.83128142195
9462,3219.3688209726843
9463,3338.461934570806
9465,3695.6521739130435
9467,2071.005917159763
9468,4090.781230021736
9471,3688.972058169825
9472,3573.090458092198
9473,3321.5388007054676
9475,2168.5714285714284
9479,3750.0
9481,3904.356513900325
9482,3128.7837093164844
9483,3324.860446570973
9484,5023.923444976077
9485,2695.89552238806
9489,6636.363636363636
9491,1941.7475728155339
9494,2775.674162143534
9496,404.2806183115339
9497,4551.439152253522
9501,3003.6537187778813
9502,2913.5634759642685
9503,2578.163251269921
9511,3009.1754987158956
9514,2962.3060141801775
9521,2723.689873196186
9524,2328.082123434616
9528,3122.572409530614
9531,3455.343196167807
9533,2948.7179487179487
9536,3441.5584415584417
9541,2984.223705177836
9545,3281.5560237820014
9551,2927.1314608250414
9561,2614.7357386060185
9563,3482.3232323232323
9566,2759.3813387423934
9571,2838.403142819365
9581,2706.7303740293687
9584,3767.613636363636
9585,2960.9173126614987
9591,3806.083667044508
9601,3238.388265361475
9602,2417.7684412986737
9603,3485.1029801998325
9605,2537.581699346405
9606,4143.500492594981
9607,2301.0295829671313
9608,3066.909255028067
9611,2331.264558813682
9613,4458.144274741933
9614,4054.3234138124653
9615,1800.0
9616,1707.2243346007604
9617,3487.972508591065
9619,3145.6953642384105
9621,2357.620401615532
9625,3101.168399751008
9626,2902.0570359981302
9627,3098.182168550874
9628,3482.2234771389826
9629,2396.6480446927376
9635,2819.0292862586525
9636,3058.588172286165
9641,2789.61185163354
9642,2758.10834320672
9644,2128.392994470975
9645,2599.719462874386
9646,2823.8163660025725
9648,3131.6126315126257
9649,2463.3764321089743
9651,2385.057471264368
9654,2529.7619047619046
9661,2787.1038915870777
9663,2485.447637612549
9665,2666.09051695999
9671,2523.638185330656
9673,2830.6243962672997
9674,3098.6337624821767
9675,2758.8255505347306
9677,3170.754359722468
9678,2798.2563145809418
9679,2791.91421567651
9681,2615.0627615062763
9682,2473.1932926247987
9684,2443.7663270849594
9685,3837.223194425104
9686,2525.0279557944677
9687,1958.509658396546
9691,3201.9704433497536
9693,2151.3966916581685
9695,2820.0937544216204
9696,1896.1942257217847
9697,2809.008795670248
9698,2507.3652609191827
9699,2567.015698775297
9711,4049.493626794887
9712,4120.1185887793845
9713,3754.5826308755536
9714,4258.972480507258
9715,3641.9136732966117
9716,3724.0387253200142
9717,4352.9212172990865
9718,4098.868487692341
9721,3908.2364412475295
9722,3796.9851938378565
9723,4206.778538274944
9724,4689.012965296477
9725,4314.909976876575
9726,4076.313858668029
9727,3244.251896768184
9728,3857.2937108920414
9731,3903.766046004682
9732,2757.3760828816235
9733,2996.5115633720284
9734,3704.000357676433
9736,2804.619731913951
9737,3078.2680765156974
9738,4229.411764705882
9741,3624.571337966464
9742,3188.068118560677
9743,3703.0595740777744
9744,3223.5798604059373
9745,2762.1276097154428
9746,3823.4024097298347
9751,4106.54646939244
9752,4619.565127267886
9753,3586.5899233342375
9755,655.6389313643673
9756,5534.016636957813
9761,3918.6601207500175
9765,4324.069885990143
9766,5207.848479397296
9774,2150.1272264631043
9781,3166.4742462853555
9784,3738.3177570093458
9785,3567.2268907563025
9791,2653.143819187461
9792,2723.8805970149256
9797,3599.099099099099
9798,3495.287356321839
9801,3644.1192137338207
9821,2835.9688842447467
9831,4039.6098943009697
9843,3442.444694461577
9844,2808.9887640449438
9845,3184.365034423152
9851,1752.1352840225481
9852,3353.146853146853
9853,7038.834951456311
9861,2670.185405943572
9863,4684.761597938144
9864,2278.782894736842
9865,7026.492094707434
9866,2728.940520861253
9873,3650.0
9881,2385.8695652173915
9882,2579.3650793650795
9883,909.0909090909091
9893,2333.3333333333335
9901,2955.234283509898
9902,2790.1790967011966
9903,2775.061717436906
9904,2430.5555555555557
9905,2657.7734021213932
9906,2706.422018348624
9907,2671.951219512195
9911,2901.785714285714
9913,2734.806629834254
9915,2384.843895619758
9919,2847.9804566880034
9921,2018.0790105620742
9931,3068.181818181818
9932,2673.986546946864
9933,2142.541614167126
9934,2357.353181026375
9936,3148.365323942527
9944,1774.7924428335168
9945,3693.6619718309857
9946,2293.771043771044
9947,1991.1504424778761
9948,3508.9605734767024
9951,3612.3091654965024
9953,2482.5330047047923
9954,1951.8716577540106
9964,2705.4263565891474
9965,3134.553241766356
9967,2980.155334735326
9969,3470.5882352941176
9971,1989.795918367347
9974,2299.7506220587443
9975,3355.9322033898306
9977,2450.4713204107534
9978,1750.0
9981,2255.898658802026
9982,2217.891847870857
9983,1986.9186745539364
9984,1635.8024691358025
9986,2754.237288135593
9988,2365.180579738667
9989,1899.5071267760384
9991,3515.625
9997,2593.2247899159665
